/*
Navicat MySQL Data Transfer

Source Server         : zhouzhe
Source Server Version : 50717
Source Host           : localhost:3306
Source Database       : shiro

Target Server Type    : MYSQL
Target Server Version : 50717
File Encoding         : 65001

Date: 2019-04-10 14:59:06
*/

SET FOREIGN_KEY_CHECKS=0;

-- ----------------------------
-- Table structure for sys_manager
-- ----------------------------
DROP TABLE IF EXISTS `sys_manager`;
CREATE TABLE `sys_manager` (
  `user_id` bigint(20) NOT NULL AUTO_INCREMENT,
  `username` varchar(50) DEFAULT NULL COMMENT '用户名',
  `name` varchar(100) DEFAULT NULL,
  `password` varchar(50) DEFAULT NULL COMMENT '密码',
  `dept_id` bigint(20) DEFAULT NULL,
  `email` varchar(100) DEFAULT NULL COMMENT '邮箱',
  `mobile` varchar(100) DEFAULT NULL COMMENT '手机号',
  `status` tinyint(255) DEFAULT NULL COMMENT '状态 0:禁用，1:正常',
  `user_id_create` bigint(255) DEFAULT NULL COMMENT '创建用户id',
  `create_time` datetime DEFAULT NULL COMMENT '创建时间',
  `update_time` datetime DEFAULT NULL COMMENT '修改时间',
  PRIMARY KEY (`user_id`)
) ENGINE=InnoDB AUTO_INCREMENT=141 DEFAULT CHARSET=utf8;

-- ----------------------------
-- Records of sys_manager
-- ----------------------------
INSERT INTO `sys_manager` VALUES ('1', 'admin', '超级管理员', 'd0af8fa1272ef5a152d9e27763eea293', '6', 'admin@example.com', '17699999999', '1', '1', '2017-08-15 21:40:39', '2017-08-15 21:41:00');
INSERT INTO `sys_manager` VALUES ('139', 'admin2', '管理员-郑', '88d17235f597d36e4bca125853a9022a', '6', '1146556298@qq.com', null, '1', null, null, null);
INSERT INTO `sys_manager` VALUES ('140', 'cangchu', '仓储管理员', '098dc79ecd794a97dfae13b62a939052', '11', '234567890@qq.com', null, '1', null, null, null);

-- ----------------------------
-- Table structure for sys_manager_role
-- ----------------------------
DROP TABLE IF EXISTS `sys_manager_role`;
CREATE TABLE `sys_manager_role` (
  `id` bigint(20) NOT NULL AUTO_INCREMENT,
  `user_id` bigint(20) DEFAULT NULL COMMENT '用户ID',
  `role_id` bigint(20) DEFAULT NULL COMMENT '角色ID',
  PRIMARY KEY (`id`)
) ENGINE=InnoDB AUTO_INCREMENT=140 DEFAULT CHARSET=utf8 COMMENT='用户与角色对应关系';

-- ----------------------------
-- Records of sys_manager_role
-- ----------------------------
INSERT INTO `sys_manager_role` VALUES ('73', '30', '48');
INSERT INTO `sys_manager_role` VALUES ('74', '30', '49');
INSERT INTO `sys_manager_role` VALUES ('75', '30', '50');
INSERT INTO `sys_manager_role` VALUES ('76', '31', '48');
INSERT INTO `sys_manager_role` VALUES ('77', '31', '49');
INSERT INTO `sys_manager_role` VALUES ('78', '31', '52');
INSERT INTO `sys_manager_role` VALUES ('79', '32', '48');
INSERT INTO `sys_manager_role` VALUES ('80', '32', '49');
INSERT INTO `sys_manager_role` VALUES ('81', '32', '50');
INSERT INTO `sys_manager_role` VALUES ('82', '32', '51');
INSERT INTO `sys_manager_role` VALUES ('83', '32', '52');
INSERT INTO `sys_manager_role` VALUES ('84', '33', '38');
INSERT INTO `sys_manager_role` VALUES ('85', '33', '49');
INSERT INTO `sys_manager_role` VALUES ('86', '33', '52');
INSERT INTO `sys_manager_role` VALUES ('87', '34', '50');
INSERT INTO `sys_manager_role` VALUES ('88', '34', '51');
INSERT INTO `sys_manager_role` VALUES ('89', '34', '52');
INSERT INTO `sys_manager_role` VALUES ('124', null, '48');
INSERT INTO `sys_manager_role` VALUES ('136', '1', '1');
INSERT INTO `sys_manager_role` VALUES ('138', '139', '60');
INSERT INTO `sys_manager_role` VALUES ('139', '140', '59');

-- ----------------------------
-- Table structure for sys_menu
-- ----------------------------
DROP TABLE IF EXISTS `sys_menu`;
CREATE TABLE `sys_menu` (
  `menu_id` bigint(20) NOT NULL AUTO_INCREMENT,
  `parent_id` bigint(20) DEFAULT NULL COMMENT '父菜单ID，一级菜单为0',
  `name` varchar(50) DEFAULT NULL COMMENT '菜单名称',
  `url` varchar(200) DEFAULT NULL COMMENT '菜单URL',
  `perms` varchar(500) DEFAULT NULL COMMENT '授权(多个用逗号分隔，如：user:list,user:create)',
  `type` int(11) DEFAULT NULL COMMENT '类型   0：目录   1：菜单   2：按钮',
  `icon` varchar(50) DEFAULT NULL COMMENT '菜单图标',
  `order_num` int(11) DEFAULT NULL COMMENT '排序',
  `create_time` datetime DEFAULT NULL COMMENT '创建时间',
  `update_time` datetime DEFAULT NULL COMMENT '修改时间',
  PRIMARY KEY (`menu_id`)
) ENGINE=InnoDB AUTO_INCREMENT=105 DEFAULT CHARSET=utf8 COMMENT='菜单管理';

-- ----------------------------
-- Records of sys_menu
-- ----------------------------
INSERT INTO `sys_menu` VALUES ('1', '0', '基础管理', '', '', '0', 'fa fa-bars', '0', '2017-08-09 22:49:47', null);
INSERT INTO `sys_menu` VALUES ('2', '3', '系统菜单', 'sys/menu/', 'sys:menu:menu', '1', 'fa fa-th-list', '2', '2017-08-09 22:55:15', null);
INSERT INTO `sys_menu` VALUES ('3', '0', '系统管理', null, null, '0', 'fa fa-desktop', '1', '2017-08-09 23:06:55', '2017-08-14 14:13:43');
INSERT INTO `sys_menu` VALUES ('6', '3', '用户管理', 'sys/user/', 'sys:user:user', '1', 'fa fa-user', '0', '2017-08-10 14:12:11', null);
INSERT INTO `sys_menu` VALUES ('7', '3', '角色管理', 'sys/role', 'sys:role:role', '1', 'fa fa-paw', '1', '2017-08-10 14:13:19', null);
INSERT INTO `sys_menu` VALUES ('12', '6', '新增', '', 'sys:user:add', '2', '', '0', '2017-08-14 10:51:35', null);
INSERT INTO `sys_menu` VALUES ('13', '6', '编辑', '', 'sys:user:edit', '2', '', '0', '2017-08-14 10:52:06', null);
INSERT INTO `sys_menu` VALUES ('14', '6', '删除', null, 'sys:user:remove', '2', null, '0', '2017-08-14 10:52:24', null);
INSERT INTO `sys_menu` VALUES ('15', '7', '新增', '', 'sys:role:add', '2', '', '0', '2017-08-14 10:56:37', null);
INSERT INTO `sys_menu` VALUES ('20', '2', '新增', '', 'sys:menu:add', '2', '', '0', '2017-08-14 10:59:32', null);
INSERT INTO `sys_menu` VALUES ('21', '2', '编辑', '', 'sys:menu:edit', '2', '', '0', '2017-08-14 10:59:56', null);
INSERT INTO `sys_menu` VALUES ('22', '2', '删除', '', 'sys:menu:remove', '2', '', '0', '2017-08-14 11:00:26', null);
INSERT INTO `sys_menu` VALUES ('24', '6', '批量删除', '', 'sys:user:batchRemove', '2', '', '0', '2017-08-14 17:27:18', null);
INSERT INTO `sys_menu` VALUES ('25', '6', '停用', null, 'sys:user:disable', '2', null, '0', '2017-08-14 17:27:43', null);
INSERT INTO `sys_menu` VALUES ('26', '6', '重置密码', '', 'sys:user:resetPwd', '2', '', '0', '2017-08-14 17:28:34', null);
INSERT INTO `sys_menu` VALUES ('27', '91', '系统日志', 'common/log', 'common:log', '1', 'fa fa-warning', '0', '2017-08-14 22:11:53', null);
INSERT INTO `sys_menu` VALUES ('28', '27', '刷新', null, 'sys:log:list', '2', null, '0', '2017-08-14 22:30:22', null);
INSERT INTO `sys_menu` VALUES ('29', '27', '删除', null, 'sys:log:remove', '2', null, '0', '2017-08-14 22:30:43', null);
INSERT INTO `sys_menu` VALUES ('30', '27', '清空', null, 'sys:log:clear', '2', null, '0', '2017-08-14 22:31:02', null);
INSERT INTO `sys_menu` VALUES ('48', '77', '代码生成', 'common/generator', 'common:generator', '1', 'fa fa-code', '3', null, null);
INSERT INTO `sys_menu` VALUES ('49', '0', '博客管理', '', '', '0', 'fa fa-rss', '6', null, null);
INSERT INTO `sys_menu` VALUES ('50', '49', '文章列表', 'blog/bContent', 'blog:bContent:bContent', '1', 'fa fa-file-image-o', '1', null, null);
INSERT INTO `sys_menu` VALUES ('51', '50', '新增', '', 'blog:bContent:add', '2', '', null, null, null);
INSERT INTO `sys_menu` VALUES ('55', '7', '编辑', '', 'sys:role:edit', '2', '', null, null, null);
INSERT INTO `sys_menu` VALUES ('56', '7', '删除', '', 'sys:role:remove', '2', null, null, null, null);
INSERT INTO `sys_menu` VALUES ('57', '91', '运行监控', '/druid/index.html', '', '1', 'fa fa-caret-square-o-right', '1', null, null);
INSERT INTO `sys_menu` VALUES ('58', '50', '编辑', '', 'blog:bContent:edit', '2', null, null, null, null);
INSERT INTO `sys_menu` VALUES ('59', '50', '删除', '', 'blog:bContent:remove', '2', null, null, null, null);
INSERT INTO `sys_menu` VALUES ('60', '50', '批量删除', '', 'blog:bContent:batchRemove', '2', null, null, null, null);
INSERT INTO `sys_menu` VALUES ('61', '2', '批量删除', '', 'sys:menu:batchRemove', '2', null, null, null, null);
INSERT INTO `sys_menu` VALUES ('62', '7', '批量删除', '', 'sys:role:batchRemove', '2', null, null, null, null);
INSERT INTO `sys_menu` VALUES ('68', '49', '发布文章', '/blog/bContent/add', 'blog:bContent:add', '1', 'fa fa-edit', '0', null, null);
INSERT INTO `sys_menu` VALUES ('71', '1', '文件管理', '/common/sysFile', 'common:sysFile:sysFile', '1', 'fa fa-folder-open', '2', null, null);
INSERT INTO `sys_menu` VALUES ('72', '77', '计划任务', 'common/job', 'common:taskScheduleJob', '1', 'fa fa-hourglass-1', '4', null, null);
INSERT INTO `sys_menu` VALUES ('73', '3', '部门管理', '/system/sysDept', 'system:sysDept:sysDept', '1', 'fa fa-users', '3', null, null);
INSERT INTO `sys_menu` VALUES ('74', '73', '增加', '/system/sysDept/add', 'system:sysDept:add', '2', null, '1', null, null);
INSERT INTO `sys_menu` VALUES ('75', '73', '刪除', 'system/sysDept/remove', 'system:sysDept:remove', '2', null, '2', null, null);
INSERT INTO `sys_menu` VALUES ('76', '73', '编辑', '/system/sysDept/edit', 'system:sysDept:edit', '2', null, '3', null, null);
INSERT INTO `sys_menu` VALUES ('77', '0', '系统工具', '', '', '0', 'fa fa-gear', '4', null, null);
INSERT INTO `sys_menu` VALUES ('78', '1', '数据字典', '/common/dict', 'common:dict:dict', '1', 'fa fa-book', '1', null, null);
INSERT INTO `sys_menu` VALUES ('79', '78', '增加', '/common/dict/add', 'common:dict:add', '2', null, '2', null, null);
INSERT INTO `sys_menu` VALUES ('80', '78', '编辑', '/common/dict/edit', 'common:dict:edit', '2', null, '2', null, null);
INSERT INTO `sys_menu` VALUES ('81', '78', '删除', '/common/dict/remove', 'common:dict:remove', '2', '', '3', null, null);
INSERT INTO `sys_menu` VALUES ('83', '78', '批量删除', '/common/dict/batchRemove', 'common:dict:batchRemove', '2', '', '4', null, null);
INSERT INTO `sys_menu` VALUES ('84', '0', '办公管理', '', '', '0', 'fa fa-laptop', '5', null, null);
INSERT INTO `sys_menu` VALUES ('85', '84', '通知公告', 'oa/notify', 'oa:notify:notify', '1', 'fa fa-pencil-square', null, null, null);
INSERT INTO `sys_menu` VALUES ('86', '85', '新增', 'oa/notify/add', 'oa:notify:add', '2', 'fa fa-plus', '1', null, null);
INSERT INTO `sys_menu` VALUES ('87', '85', '编辑', 'oa/notify/edit', 'oa:notify:edit', '2', 'fa fa-pencil-square-o', '2', null, null);
INSERT INTO `sys_menu` VALUES ('88', '85', '删除', 'oa/notify/remove', 'oa:notify:remove', '2', 'fa fa-minus', null, null, null);
INSERT INTO `sys_menu` VALUES ('89', '85', '批量删除', 'oa/notify/batchRemove', 'oa:notify:batchRemove', '2', '', null, null, null);
INSERT INTO `sys_menu` VALUES ('90', '84', '我的通知', 'oa/notify/selfNotify', '', '1', 'fa fa-envelope-square', null, null, null);
INSERT INTO `sys_menu` VALUES ('91', '0', '系统监控', '', '', '0', 'fa fa-video-camera', '5', null, null);
INSERT INTO `sys_menu` VALUES ('92', '91', '在线用户', 'sys/online', '', '1', 'fa fa-user', null, null, null);
INSERT INTO `sys_menu` VALUES ('93', '0', '工作流程', '', '', '0', 'fa fa-print', '6', null, null);
INSERT INTO `sys_menu` VALUES ('94', '93', '模型管理', 'activiti/model', '', '1', 'fa fa-sort-amount-asc', null, null, null);
INSERT INTO `sys_menu` VALUES ('95', '94', '全部权限', '', 'activiti:model', '2', '', null, null, null);
INSERT INTO `sys_menu` VALUES ('96', '93', '流程管理', 'activiti/process', '', '1', 'fa fa-flag', null, null, null);
INSERT INTO `sys_menu` VALUES ('97', '0', '图表管理', '', '', '0', 'fa fa-bar-chart', '7', null, null);
INSERT INTO `sys_menu` VALUES ('98', '97', '百度chart', '/chart/graph_echarts.html', '', '1', 'fa fa-area-chart', null, null, null);
INSERT INTO `sys_menu` VALUES ('99', '96', '所有权限', '', 'act:process', '2', '', null, null, null);
INSERT INTO `sys_menu` VALUES ('101', '93', '待办任务', 'activiti/task/todo', '', '1', '', null, null, null);
INSERT INTO `sys_menu` VALUES ('104', '77', 'swagger', '/swagger-ui.html', '', '1', '', null, null, null);

-- ----------------------------
-- Table structure for sys_role
-- ----------------------------
DROP TABLE IF EXISTS `sys_role`;
CREATE TABLE `sys_role` (
  `role_id` bigint(20) NOT NULL AUTO_INCREMENT,
  `role_name` varchar(100) DEFAULT NULL COMMENT '角色名称',
  `role_sign` varchar(100) DEFAULT NULL COMMENT '角色标识',
  `remark` varchar(100) DEFAULT NULL COMMENT '备注',
  `user_id_create` bigint(255) DEFAULT NULL COMMENT '创建用户id',
  `create_time` datetime DEFAULT NULL COMMENT '创建时间',
  `update_time` datetime DEFAULT NULL COMMENT '创建时间',
  PRIMARY KEY (`role_id`)
) ENGINE=InnoDB AUTO_INCREMENT=61 DEFAULT CHARSET=utf8 COMMENT='角色';

-- ----------------------------
-- Records of sys_role
-- ----------------------------
INSERT INTO `sys_role` VALUES ('1', '超级用户角色', 'admin', '拥有最高权限', '2', '2017-08-12 00:43:52', '2017-08-12 19:14:59');
INSERT INTO `sys_role` VALUES ('59', '仓储管理员', null, '仓储管理员', null, null, null);
INSERT INTO `sys_role` VALUES ('60', '管理员', null, '普通管理员', null, null, null);

-- ----------------------------
-- Table structure for sys_role_menu
-- ----------------------------
DROP TABLE IF EXISTS `sys_role_menu`;
CREATE TABLE `sys_role_menu` (
  `id` bigint(20) NOT NULL AUTO_INCREMENT,
  `role_id` bigint(20) DEFAULT NULL COMMENT '角色ID',
  `menu_id` bigint(20) DEFAULT NULL COMMENT '菜单ID',
  PRIMARY KEY (`id`)
) ENGINE=InnoDB AUTO_INCREMENT=3307 DEFAULT CHARSET=utf8 COMMENT='角色与菜单对应关系';

-- ----------------------------
-- Records of sys_role_menu
-- ----------------------------
INSERT INTO `sys_role_menu` VALUES ('367', '44', '1');
INSERT INTO `sys_role_menu` VALUES ('368', '44', '32');
INSERT INTO `sys_role_menu` VALUES ('369', '44', '33');
INSERT INTO `sys_role_menu` VALUES ('370', '44', '34');
INSERT INTO `sys_role_menu` VALUES ('371', '44', '35');
INSERT INTO `sys_role_menu` VALUES ('372', '44', '28');
INSERT INTO `sys_role_menu` VALUES ('373', '44', '29');
INSERT INTO `sys_role_menu` VALUES ('374', '44', '30');
INSERT INTO `sys_role_menu` VALUES ('375', '44', '38');
INSERT INTO `sys_role_menu` VALUES ('376', '44', '4');
INSERT INTO `sys_role_menu` VALUES ('377', '44', '27');
INSERT INTO `sys_role_menu` VALUES ('378', '45', '38');
INSERT INTO `sys_role_menu` VALUES ('379', '46', '3');
INSERT INTO `sys_role_menu` VALUES ('380', '46', '20');
INSERT INTO `sys_role_menu` VALUES ('381', '46', '21');
INSERT INTO `sys_role_menu` VALUES ('382', '46', '22');
INSERT INTO `sys_role_menu` VALUES ('383', '46', '23');
INSERT INTO `sys_role_menu` VALUES ('384', '46', '11');
INSERT INTO `sys_role_menu` VALUES ('385', '46', '12');
INSERT INTO `sys_role_menu` VALUES ('386', '46', '13');
INSERT INTO `sys_role_menu` VALUES ('387', '46', '14');
INSERT INTO `sys_role_menu` VALUES ('388', '46', '24');
INSERT INTO `sys_role_menu` VALUES ('389', '46', '25');
INSERT INTO `sys_role_menu` VALUES ('390', '46', '26');
INSERT INTO `sys_role_menu` VALUES ('391', '46', '15');
INSERT INTO `sys_role_menu` VALUES ('392', '46', '2');
INSERT INTO `sys_role_menu` VALUES ('393', '46', '6');
INSERT INTO `sys_role_menu` VALUES ('394', '46', '7');
INSERT INTO `sys_role_menu` VALUES ('598', '50', '38');
INSERT INTO `sys_role_menu` VALUES ('632', '38', '42');
INSERT INTO `sys_role_menu` VALUES ('737', '51', '38');
INSERT INTO `sys_role_menu` VALUES ('738', '51', '39');
INSERT INTO `sys_role_menu` VALUES ('739', '51', '40');
INSERT INTO `sys_role_menu` VALUES ('740', '51', '41');
INSERT INTO `sys_role_menu` VALUES ('741', '51', '4');
INSERT INTO `sys_role_menu` VALUES ('742', '51', '32');
INSERT INTO `sys_role_menu` VALUES ('743', '51', '33');
INSERT INTO `sys_role_menu` VALUES ('744', '51', '34');
INSERT INTO `sys_role_menu` VALUES ('745', '51', '35');
INSERT INTO `sys_role_menu` VALUES ('746', '51', '27');
INSERT INTO `sys_role_menu` VALUES ('747', '51', '28');
INSERT INTO `sys_role_menu` VALUES ('748', '51', '29');
INSERT INTO `sys_role_menu` VALUES ('749', '51', '30');
INSERT INTO `sys_role_menu` VALUES ('750', '51', '1');
INSERT INTO `sys_role_menu` VALUES ('1064', '54', '53');
INSERT INTO `sys_role_menu` VALUES ('1095', '55', '2');
INSERT INTO `sys_role_menu` VALUES ('1096', '55', '6');
INSERT INTO `sys_role_menu` VALUES ('1097', '55', '7');
INSERT INTO `sys_role_menu` VALUES ('1098', '55', '3');
INSERT INTO `sys_role_menu` VALUES ('1099', '55', '50');
INSERT INTO `sys_role_menu` VALUES ('1100', '55', '49');
INSERT INTO `sys_role_menu` VALUES ('1101', '55', '1');
INSERT INTO `sys_role_menu` VALUES ('1856', '53', '28');
INSERT INTO `sys_role_menu` VALUES ('1857', '53', '29');
INSERT INTO `sys_role_menu` VALUES ('1858', '53', '30');
INSERT INTO `sys_role_menu` VALUES ('1859', '53', '27');
INSERT INTO `sys_role_menu` VALUES ('1860', '53', '57');
INSERT INTO `sys_role_menu` VALUES ('1861', '53', '71');
INSERT INTO `sys_role_menu` VALUES ('1862', '53', '48');
INSERT INTO `sys_role_menu` VALUES ('1863', '53', '72');
INSERT INTO `sys_role_menu` VALUES ('1864', '53', '1');
INSERT INTO `sys_role_menu` VALUES ('1865', '53', '7');
INSERT INTO `sys_role_menu` VALUES ('1866', '53', '55');
INSERT INTO `sys_role_menu` VALUES ('1867', '53', '56');
INSERT INTO `sys_role_menu` VALUES ('1868', '53', '62');
INSERT INTO `sys_role_menu` VALUES ('1869', '53', '15');
INSERT INTO `sys_role_menu` VALUES ('1870', '53', '2');
INSERT INTO `sys_role_menu` VALUES ('1871', '53', '61');
INSERT INTO `sys_role_menu` VALUES ('1872', '53', '20');
INSERT INTO `sys_role_menu` VALUES ('1873', '53', '21');
INSERT INTO `sys_role_menu` VALUES ('1874', '53', '22');
INSERT INTO `sys_role_menu` VALUES ('2084', '56', '68');
INSERT INTO `sys_role_menu` VALUES ('2085', '56', '60');
INSERT INTO `sys_role_menu` VALUES ('2086', '56', '59');
INSERT INTO `sys_role_menu` VALUES ('2087', '56', '58');
INSERT INTO `sys_role_menu` VALUES ('2088', '56', '51');
INSERT INTO `sys_role_menu` VALUES ('2089', '56', '50');
INSERT INTO `sys_role_menu` VALUES ('2090', '56', '49');
INSERT INTO `sys_role_menu` VALUES ('2243', '48', '72');
INSERT INTO `sys_role_menu` VALUES ('2247', '63', '-1');
INSERT INTO `sys_role_menu` VALUES ('2248', '63', '84');
INSERT INTO `sys_role_menu` VALUES ('2249', '63', '85');
INSERT INTO `sys_role_menu` VALUES ('2250', '63', '88');
INSERT INTO `sys_role_menu` VALUES ('2251', '63', '87');
INSERT INTO `sys_role_menu` VALUES ('2252', '64', '84');
INSERT INTO `sys_role_menu` VALUES ('2253', '64', '89');
INSERT INTO `sys_role_menu` VALUES ('2254', '64', '88');
INSERT INTO `sys_role_menu` VALUES ('2255', '64', '87');
INSERT INTO `sys_role_menu` VALUES ('2256', '64', '86');
INSERT INTO `sys_role_menu` VALUES ('2257', '64', '85');
INSERT INTO `sys_role_menu` VALUES ('2258', '65', '89');
INSERT INTO `sys_role_menu` VALUES ('2259', '65', '88');
INSERT INTO `sys_role_menu` VALUES ('2260', '65', '86');
INSERT INTO `sys_role_menu` VALUES ('2262', '67', '48');
INSERT INTO `sys_role_menu` VALUES ('2263', '68', '88');
INSERT INTO `sys_role_menu` VALUES ('2264', '68', '87');
INSERT INTO `sys_role_menu` VALUES ('2265', '69', '89');
INSERT INTO `sys_role_menu` VALUES ('2266', '69', '88');
INSERT INTO `sys_role_menu` VALUES ('2267', '69', '86');
INSERT INTO `sys_role_menu` VALUES ('2268', '69', '87');
INSERT INTO `sys_role_menu` VALUES ('2269', '69', '85');
INSERT INTO `sys_role_menu` VALUES ('2270', '69', '84');
INSERT INTO `sys_role_menu` VALUES ('2271', '70', '85');
INSERT INTO `sys_role_menu` VALUES ('2272', '70', '89');
INSERT INTO `sys_role_menu` VALUES ('2273', '70', '88');
INSERT INTO `sys_role_menu` VALUES ('2274', '70', '87');
INSERT INTO `sys_role_menu` VALUES ('2275', '70', '86');
INSERT INTO `sys_role_menu` VALUES ('2276', '70', '84');
INSERT INTO `sys_role_menu` VALUES ('2277', '71', '87');
INSERT INTO `sys_role_menu` VALUES ('2278', '72', '59');
INSERT INTO `sys_role_menu` VALUES ('2279', '73', '48');
INSERT INTO `sys_role_menu` VALUES ('2280', '74', '88');
INSERT INTO `sys_role_menu` VALUES ('2281', '74', '87');
INSERT INTO `sys_role_menu` VALUES ('2282', '75', '88');
INSERT INTO `sys_role_menu` VALUES ('2283', '75', '87');
INSERT INTO `sys_role_menu` VALUES ('2284', '76', '85');
INSERT INTO `sys_role_menu` VALUES ('2285', '76', '89');
INSERT INTO `sys_role_menu` VALUES ('2286', '76', '88');
INSERT INTO `sys_role_menu` VALUES ('2287', '76', '87');
INSERT INTO `sys_role_menu` VALUES ('2288', '76', '86');
INSERT INTO `sys_role_menu` VALUES ('2289', '76', '84');
INSERT INTO `sys_role_menu` VALUES ('2292', '78', '88');
INSERT INTO `sys_role_menu` VALUES ('2293', '78', '87');
INSERT INTO `sys_role_menu` VALUES ('2294', '78', null);
INSERT INTO `sys_role_menu` VALUES ('2295', '78', null);
INSERT INTO `sys_role_menu` VALUES ('2296', '78', null);
INSERT INTO `sys_role_menu` VALUES ('2308', '80', '87');
INSERT INTO `sys_role_menu` VALUES ('2309', '80', '86');
INSERT INTO `sys_role_menu` VALUES ('2310', '80', '-1');
INSERT INTO `sys_role_menu` VALUES ('2311', '80', '84');
INSERT INTO `sys_role_menu` VALUES ('2312', '80', '85');
INSERT INTO `sys_role_menu` VALUES ('2328', '79', '72');
INSERT INTO `sys_role_menu` VALUES ('2329', '79', '48');
INSERT INTO `sys_role_menu` VALUES ('2330', '79', '77');
INSERT INTO `sys_role_menu` VALUES ('2331', '79', '84');
INSERT INTO `sys_role_menu` VALUES ('2332', '79', '89');
INSERT INTO `sys_role_menu` VALUES ('2333', '79', '88');
INSERT INTO `sys_role_menu` VALUES ('2334', '79', '87');
INSERT INTO `sys_role_menu` VALUES ('2335', '79', '86');
INSERT INTO `sys_role_menu` VALUES ('2336', '79', '85');
INSERT INTO `sys_role_menu` VALUES ('2337', '79', '-1');
INSERT INTO `sys_role_menu` VALUES ('2338', '77', '89');
INSERT INTO `sys_role_menu` VALUES ('2339', '77', '88');
INSERT INTO `sys_role_menu` VALUES ('2340', '77', '87');
INSERT INTO `sys_role_menu` VALUES ('2341', '77', '86');
INSERT INTO `sys_role_menu` VALUES ('2342', '77', '85');
INSERT INTO `sys_role_menu` VALUES ('2343', '77', '84');
INSERT INTO `sys_role_menu` VALUES ('2344', '77', '72');
INSERT INTO `sys_role_menu` VALUES ('2345', '77', '-1');
INSERT INTO `sys_role_menu` VALUES ('2346', '77', '77');
INSERT INTO `sys_role_menu` VALUES ('2974', '57', '93');
INSERT INTO `sys_role_menu` VALUES ('2975', '57', '99');
INSERT INTO `sys_role_menu` VALUES ('2976', '57', '95');
INSERT INTO `sys_role_menu` VALUES ('2977', '57', '101');
INSERT INTO `sys_role_menu` VALUES ('2978', '57', '96');
INSERT INTO `sys_role_menu` VALUES ('2979', '57', '94');
INSERT INTO `sys_role_menu` VALUES ('2980', '57', '-1');
INSERT INTO `sys_role_menu` VALUES ('2981', '58', '93');
INSERT INTO `sys_role_menu` VALUES ('2982', '58', '99');
INSERT INTO `sys_role_menu` VALUES ('2983', '58', '95');
INSERT INTO `sys_role_menu` VALUES ('2984', '58', '101');
INSERT INTO `sys_role_menu` VALUES ('2985', '58', '96');
INSERT INTO `sys_role_menu` VALUES ('2986', '58', '94');
INSERT INTO `sys_role_menu` VALUES ('2987', '58', '-1');
INSERT INTO `sys_role_menu` VALUES ('3115', '1', '103');
INSERT INTO `sys_role_menu` VALUES ('3116', '1', '98');
INSERT INTO `sys_role_menu` VALUES ('3117', '1', '101');
INSERT INTO `sys_role_menu` VALUES ('3118', '1', '99');
INSERT INTO `sys_role_menu` VALUES ('3119', '1', '95');
INSERT INTO `sys_role_menu` VALUES ('3120', '1', '92');
INSERT INTO `sys_role_menu` VALUES ('3121', '1', '57');
INSERT INTO `sys_role_menu` VALUES ('3122', '1', '30');
INSERT INTO `sys_role_menu` VALUES ('3123', '1', '29');
INSERT INTO `sys_role_menu` VALUES ('3124', '1', '28');
INSERT INTO `sys_role_menu` VALUES ('3125', '1', '90');
INSERT INTO `sys_role_menu` VALUES ('3126', '1', '89');
INSERT INTO `sys_role_menu` VALUES ('3127', '1', '88');
INSERT INTO `sys_role_menu` VALUES ('3128', '1', '87');
INSERT INTO `sys_role_menu` VALUES ('3129', '1', '86');
INSERT INTO `sys_role_menu` VALUES ('3130', '1', '72');
INSERT INTO `sys_role_menu` VALUES ('3131', '1', '48');
INSERT INTO `sys_role_menu` VALUES ('3132', '1', '68');
INSERT INTO `sys_role_menu` VALUES ('3133', '1', '60');
INSERT INTO `sys_role_menu` VALUES ('3134', '1', '59');
INSERT INTO `sys_role_menu` VALUES ('3135', '1', '58');
INSERT INTO `sys_role_menu` VALUES ('3136', '1', '51');
INSERT INTO `sys_role_menu` VALUES ('3137', '1', '76');
INSERT INTO `sys_role_menu` VALUES ('3138', '1', '75');
INSERT INTO `sys_role_menu` VALUES ('3139', '1', '74');
INSERT INTO `sys_role_menu` VALUES ('3140', '1', '62');
INSERT INTO `sys_role_menu` VALUES ('3141', '1', '56');
INSERT INTO `sys_role_menu` VALUES ('3142', '1', '55');
INSERT INTO `sys_role_menu` VALUES ('3143', '1', '15');
INSERT INTO `sys_role_menu` VALUES ('3144', '1', '26');
INSERT INTO `sys_role_menu` VALUES ('3145', '1', '25');
INSERT INTO `sys_role_menu` VALUES ('3146', '1', '24');
INSERT INTO `sys_role_menu` VALUES ('3147', '1', '14');
INSERT INTO `sys_role_menu` VALUES ('3148', '1', '13');
INSERT INTO `sys_role_menu` VALUES ('3149', '1', '12');
INSERT INTO `sys_role_menu` VALUES ('3150', '1', '61');
INSERT INTO `sys_role_menu` VALUES ('3151', '1', '22');
INSERT INTO `sys_role_menu` VALUES ('3152', '1', '21');
INSERT INTO `sys_role_menu` VALUES ('3153', '1', '20');
INSERT INTO `sys_role_menu` VALUES ('3154', '1', '83');
INSERT INTO `sys_role_menu` VALUES ('3155', '1', '81');
INSERT INTO `sys_role_menu` VALUES ('3156', '1', '80');
INSERT INTO `sys_role_menu` VALUES ('3157', '1', '79');
INSERT INTO `sys_role_menu` VALUES ('3158', '1', '71');
INSERT INTO `sys_role_menu` VALUES ('3159', '1', '102');
INSERT INTO `sys_role_menu` VALUES ('3160', '1', '97');
INSERT INTO `sys_role_menu` VALUES ('3161', '1', '96');
INSERT INTO `sys_role_menu` VALUES ('3162', '1', '94');
INSERT INTO `sys_role_menu` VALUES ('3163', '1', '93');
INSERT INTO `sys_role_menu` VALUES ('3164', '1', '27');
INSERT INTO `sys_role_menu` VALUES ('3165', '1', '91');
INSERT INTO `sys_role_menu` VALUES ('3166', '1', '85');
INSERT INTO `sys_role_menu` VALUES ('3167', '1', '84');
INSERT INTO `sys_role_menu` VALUES ('3168', '1', '50');
INSERT INTO `sys_role_menu` VALUES ('3169', '1', '49');
INSERT INTO `sys_role_menu` VALUES ('3170', '1', '73');
INSERT INTO `sys_role_menu` VALUES ('3171', '1', '7');
INSERT INTO `sys_role_menu` VALUES ('3172', '1', '6');
INSERT INTO `sys_role_menu` VALUES ('3173', '1', '2');
INSERT INTO `sys_role_menu` VALUES ('3174', '1', '3');
INSERT INTO `sys_role_menu` VALUES ('3175', '1', '78');
INSERT INTO `sys_role_menu` VALUES ('3176', '1', '1');
INSERT INTO `sys_role_menu` VALUES ('3177', '1', '104');
INSERT INTO `sys_role_menu` VALUES ('3178', '1', '77');
INSERT INTO `sys_role_menu` VALUES ('3179', '1', '-1');
INSERT INTO `sys_role_menu` VALUES ('3284', '60', '3');
INSERT INTO `sys_role_menu` VALUES ('3285', '60', '76');
INSERT INTO `sys_role_menu` VALUES ('3286', '60', '75');
INSERT INTO `sys_role_menu` VALUES ('3287', '60', '74');
INSERT INTO `sys_role_menu` VALUES ('3288', '60', '62');
INSERT INTO `sys_role_menu` VALUES ('3289', '60', '56');
INSERT INTO `sys_role_menu` VALUES ('3290', '60', '55');
INSERT INTO `sys_role_menu` VALUES ('3291', '60', '15');
INSERT INTO `sys_role_menu` VALUES ('3292', '60', '26');
INSERT INTO `sys_role_menu` VALUES ('3293', '60', '25');
INSERT INTO `sys_role_menu` VALUES ('3294', '60', '24');
INSERT INTO `sys_role_menu` VALUES ('3295', '60', '14');
INSERT INTO `sys_role_menu` VALUES ('3296', '60', '13');
INSERT INTO `sys_role_menu` VALUES ('3297', '60', '12');
INSERT INTO `sys_role_menu` VALUES ('3298', '60', '61');
INSERT INTO `sys_role_menu` VALUES ('3299', '60', '22');
INSERT INTO `sys_role_menu` VALUES ('3300', '60', '21');
INSERT INTO `sys_role_menu` VALUES ('3301', '60', '20');
INSERT INTO `sys_role_menu` VALUES ('3302', '60', '73');
INSERT INTO `sys_role_menu` VALUES ('3303', '60', '7');
INSERT INTO `sys_role_menu` VALUES ('3304', '60', '6');
INSERT INTO `sys_role_menu` VALUES ('3305', '60', '2');
INSERT INTO `sys_role_menu` VALUES ('3306', '60', '-1');
